Customer Ref,Customer Name,Address Line 1,Address Line 2,Town,County,Country,Postcode
101,Linda Smith,123 Main Street,Apartment 4A,Anytown,Anycounty,Any Country,12345
102,Michael Turner,456 Oak Avenue,,Smallville,Anothercounty,Another Country,56789
103,Emily Harris,789 Pine Road,Suite 102,Bigcity,Somecounty,Some Country,10111
104,David Adams,321 Elm Lane,,Villagetown,Anothercounty,Another Country,54321
105,Rebecca Wilson,876 Maple Street,,Cityville,Somecounty,Some Country,98765
106,Brian Brown,654 Birch Road,Unit 3,Smalltown,Anycounty,Any Country,45678
107,Amy Turner,987 Cedar Lane,,Hometown,Anothercounty,Another Country,78901
108,Chris Lee,234 Pine Avenue,Apartment 5B,Metropolis,Somecounty,Some Country,23456
109,Karen Taylor,876 Oak Street,,Suburbia,Anycounty,Any Country,87654
110,Mark Miller,543 Birch Lane,Suite 301,Uptown,Anothercounty,Another Country,10987
111,Susan Johnson,345 Maple Road,,Downtown,Somecounty,Some Country,34567
112,James Davis,678 Elm Street,Unit 2,Outskirts,Anycounty,Any Country,89012
113,Mary Harris,210 Cedar Avenue,,Midtown,Anothercounty,Another Country,67890
114,Steven Turner,765 Pine Lane,,Countryside,Somecounty,Some Country,21098
115,Nancy Adams,432 Oak Road,Apartment 7C,Seaside,Anycounty,Any Country,54321
116,Robert Harris,109 Birch Street,,Hilltop,Anothercounty,Another Country,12345
117,Julie Wilson,876 Elm Lane,Unit 4B,Beachside,Somecounty,Some Country,98765
118,Andrew Smith,543 Maple Avenue,,Riverside,Anycounty,Any Country,45678
119,Laura Turner,210 Cedar Road,Suite 101,Mountainside,Anothercounty,Another Country,87654
120,John Brown,987 Pine Lane,,Valley,Somecounty,Some Country,10987
121,Jessica Lee,654 Oak Street,Apartment 6A,Harborside,Anycounty,Any Country,34567
122,Daniel Adams,321 Elm Avenue,,Lakeside,Anothercounty,Another Country,89012
123,Kimberly Harris,876 Cedar Lane,Suite 202,Riverside,Somecounty,Some Country,67890
124,Matthew Miller,543 Birch Road,,Upland,Anycounty,Any Country,21098
125,Amanda Davis,210 Pine Street,Unit 3D,Lowland,Anothercounty,Another Country,54321
126,Christopher Wilson,109 Oak Lane,,Hillside,Somecounty,Some Country,12345
127,Stephanie Turner,876 Maple Road,Apartment 1B,Clifftop,Anycounty,Any Country,98765
128,William Smith,543 Cedar Street,,Ridgeview,Anothercounty,Another Country,45678
129,Linda Harris,210 Oak Road,Suite 301,Valleyview,Somecounty,Some Country,87654
130,Michael Adams,765 Birch Lane,,Hillview,Anycounty,Any Country,10987
131,Rebecca Turner,432 Oak Street,Unit 5C,Seaview,Anothercounty,Another Country,34567
132,David Davis,109 Pine Avenue,,Skyview,Somecounty,Some Country,89012
133,Tina Wilson,876 Elm Lane,,Fieldview,Anycounty,Any Country,67890
134,Daniel Turner,543 Maple Road,Suite 102,Lakeview,Anothercounty,Another Country,21098
135,Julia Smith,210 Cedar Lane,Apartment 4D,Meadowview,Somecounty,Some Country,54321
136,Scott Harris,765 Oak Avenue,,Gardenview,Anycounty,Any Country,12345
137,Sharon Adams,321 Birch Street,,Creekview,Anothercounty,Another Country,98765
138,Andrew Brown,654 Elm Road,Suite 201,Forestview,Somecounty,Some Country,45678
139,Amy Lee,876 Pine Lane,,Mountainview,Anycounty,Any Country,87654
140,Bryan Turner,432 Maple Street,Unit 6A,Valleyview,Anothercounty,Another Country,10987
141,Kathy Smith,109 Cedar Lane,,Countryside,Somecounty,Some Country,34567
142,Michael Adams,876 Birch Road,,Suburbia,Anycounty,Any Country,89012
143,Sandra Harris,543 Oak Street,Suite 301,Midtown,Anothercounty,Another Country,67890
144,John Smith,210 Pine Avenue,,Downtown,Somecounty,Some Country,21098
145,Christine Turner,765 Elm Lane,Apartment 3C,Outskirts,Anycounty,Any Country,54321
146,James Turner,321 Cedar Road,,Metropolis,Anothercounty,Another Country,12345
147,Nancy Adams,654 Maple Lane,,Hometown,Somecounty,Some Country,98765
148,Richard Brown,987 Birch Street,Suite 103,Smalltown,Anycounty,Any Country,45678
149,Susan Davis,210 Elm Road,,Cityville,Anothercounty,Another Country,87654
150,Kevin Wilson,876 Cedar Avenue,Unit 5B,Bigcity,Somecounty,Some Country,10987
151,Karen Lee,543 Pine Road,,Villagetown,Anycounty,Any Country,34567
152,Robert Miller,210 Oak Lane,Suite 303,Smallville,Anothercounty,Another Country,89012
153,Linda Adams,765 Cedar Street,,Bigcity,Somecounty,Some Country,67890
154,Chris Brown,432 Maple Avenue,Apartment 2D,Metropolis,Anycounty,Any Country,21098
155,Kim Turner,109 Birch Road,Suite 102,Hometown,Anothercounty,Another Country,54321
156,Charlie Harris,876 Pine Lane,,Suburbia,Somecounty,Some Country,12345
157,Emily Smith,543 Elm Street,Unit 4A,Countryside,Anycounty,Any Country,98765
158,Brian Davis,210 Oak Road,,Downtown,Anothercounty,Another Country,45678
159,Jessica Wilson,876 Maple Lane,Suite 203,Outskirts,Somecounty,Some Country,87654
160,Jason Miller,321 Cedar Avenue,,Metropolis,Anycounty,Any Country,10987
161,Amy Adams,654 Pine Road,Apartment 1C,Smalltown,Anothercounty,Another Country,34567
162,David Turner,987 Birch Lane,,Cityville,Somecounty,Some Country,89012
163,Michelle Brown,543 Elm Street,,Villagetown,Anycounty,Any Country,67890
164,John Harris,210 Maple Road,Suite 301,Smallville,Anothercounty,Another Country,21098
165,Deborah Lee,765 Pine Avenue,,Bigcity,Somecounty,Some Country,54321
166,Michael Smith,432 Oak Street,Unit 5A,Metropolis,Anycounty,Any Country,12345
167,Rebecca Davis,109 Cedar Lane,,Hometown,Anothercounty,Another Country,98765
168,Joseph Wilson,876 Elm Road,Suite 102,Suburbia,Somecounty,Some Country,45678
169,Susan Turner,543 Cedar Road,,Countryside,Anycounty,Any Country,87654
170,Thomas Miller,210 Birch Lane,Apartment 4D,Outskirts,Anothercounty,Another Country,10987
171,Laura Adams,765 Elm Avenue,Suite 201,Downtown,Somecounty,Some Country,34567
172,Christopher Brown,321 Maple Street,,Metropolis,Anycounty,Any Country,89012
173,Karen Harris,109 Pine Avenue,Suite 302,Smalltown,Anothercounty,Another Country,67890
174,Mark Turner,876 Oak Lane,,Cityville,Somecounty,Some Country,21098
175,Amanda Smith,543 Cedar Street,Unit 2B,Villagetown,Anycounty,Any Country,54321
176,Jeffrey Davis,210 Birch Road,,Smallville,Anothercounty,Another Country,12345
177,Patricia Wilson,765 Elm Lane,Suite 101,Bigcity,Somecounty,Some Country,98765
178,Matthew Lee,432 Pine Road,,Suburbia,Anycounty,Any Country,45678
179,Susan Brown,109 Oak Street,Apartment 3C,Countryside,Anothercounty,Another Country,87654
180,Kevin Harris,876 Cedar Lane,,Downtown,Somecounty,Some Country,10987
181,Cynthia Turner,543 Maple Avenue,Suite 102,Outskirts,Anycounty,Any Country,34567
182,Robert Miller,210 Elm Road,,Metropolis,Anothercounty,Another Country,89012
183,Stephanie Adams,765 Oak Street,,Cityville,Somecounty,Some Country,67890
184,George Wilson,432 Birch Lane,Suite 301,Smalltown,Anycounty,Any Country,21098
185,Angela Smith,109 Cedar Road,,Villagetown,Anothercounty,Another Country,54321
186,John Davis,876 Pine Street,Unit 4B,Bigcity,Somecounty,Some Country,12345
187,Lisa Turner,543 Oak Avenue,,Suburbia,Anycounty,Any Country,98765
188,Steven Harris,210 Elm Lane,,Countryside,Anothercounty,Another Country,45678
189,Melissa Lee,765 Birch Road,Suite 203,Outskirts,Somecounty,Some Country,87654
190,Richard Adams,432 Pine Lane,,Metropolis,Anycounty,Any Country,10987
191,Heather Wilson,109 Maple Street,Suite 301,Downtown,Anothercounty,Another Country,34567
192,James Brown,876 Cedar Avenue,,Cityville,Somecounty,Some Country,89012
193,Christine Miller,543 Elm Road,Unit 3C,Smalltown,Anycounty,Any Country,67890
194,David Turner,210 Cedar Street,,Villagetown,Anothercounty,Another Country,21098
195,Tracy Harris,765 Oak Road,Suite 101,Bigcity,Somecounty,Some Country,54321
196,Brian Smith,432 Birch Lane,,Suburbia,Anycounty,Any Country,12345
197,Amy Davis,109 Elm Street,Apartment 5A,Countryside,Anothercounty,Another Country,98765
198,Christopher Turner,876 Maple Road,,Outskirts,Somecounty,Some Country,45678
199,Nancy Wilson,543 Pine Avenue,Suite 203,Smalltown,Anycounty,Any Country,87654
200,Kevin Adams,210 Cedar Lane,,Downtown,Anothercounty,Another Country,10987
